{
  "train_loss": [
    0.028681421599217823,
    0.005397790018469096,
    0.002830670421410884,
    0.002064327652832227,
    0.0017509944670434509,
    0.001345713499800435,
    0.0011534304607526533,
    0.0009973840854529824,
    0.0008978102638918374,
    0.0008239990349725953,
    0.0007297287844786687,
    0.0007129115551444036,
    0.0006831321383028158,
    0.0006573873372482402,
    0.0006419508011146848,
    0.0006051907365742539,
    0.0005631827799204205,
    0.0005522920583773936,
    0.0005210973097876247,
    0.0005109602635327195,
    0.000503727698066671,
    0.0004774941098211067,
    0.0004936665047093161,
    0.00047522133681923153,
    0.0004444593455575939,
    0.0004596535590410765,
    0.00042761723660597844,
    0.0004534303401929459,
    0.0004309575297936265
  ],
  "val_loss": [
    0.005028765473980457,
    0.009679184295237064,
    0.005468561634188518,
    0.005096884095109999,
    0.006184944824781269,
    0.004128238157136366,
    0.004558189801173285,
    0.005996497391606681,
    0.006430024601286277,
    0.0030461787682725117,
    0.00516936783969868,
    0.0018297828501090407,
    0.0025990209614974447,
    0.00375620523118414,
    0.0022912503191037104,
    0.003754589502932504,
    0.003981689296779223,
    0.0038452404260169715,
    0.0015376358496723697,
    0.002437771145196166,
    0.0018902651208918542,
    0.0023374106094706804,
    0.0028523861547000706,
    0.003276469506090507,
    0.002687880740268156,
    0.003015822861925699,
    0.0033511792571516708,
    0.002220358124759514,
    0.004482672462472692
  ],
  "learning_rate": [
    0.0001,
    0.0001,
    0.0001,
    0.0001,
    0.0001,
    0.0001,
    0.0001,
    0.0001,
    0.0001,
    0.0001,
    5e-05,
    5e-05,
    5e-05,
    5e-05,
    5e-05,
    5e-05,
    5e-05,
    5e-05,
    5e-05,
    5e-05,
    2.5e-05,
    2.5e-05,
    2.5e-05,
    2.5e-05,
    2.5e-05,
    2.5e-05,
    2.5e-05,
    2.5e-05,
    2.5e-05
  ]
}