{
  "train_loss": [
    0.024964780174195768,
    0.0036833665499995862,
    0.0013962636685131917,
    0.000837596703786403,
    0.0006055024327776794,
    0.00047559278983888884,
    0.0003905927837227604,
    0.0003321256089423384,
    0.0002895529178204015,
    0.00025789192836132965,
    0.00023450580525345035,
    0.00022160743787286004,
    0.00021069030668253877,
    0.00020143946832312004,
    0.00019100389160614994,
    0.00018171298392449637,
    0.00017324094369541854,
    0.00016542664546120378,
    0.00015889599245773363,
    0.00015195510059129447,
    0.00014630875479529744,
    0.00014303913215241794,
    0.00014099198347789104,
    0.0001373167783770311,
    0.00013444118230836465,
    0.00013141538823089962,
    0.00013049739957620788,
    0.00012574869532337677,
    0.0001228993897841844,
    0.00012094712791232658
  ],
  "val_loss": [
    0.0027610944234766066,
    0.0020676809072028846,
    0.0011120960116386414,
    0.0006767607846995816,
    0.0005043022611062042,
    0.00040672671821084805,
    0.0003539027675287798,
    0.0003041974523512181,
    0.00027070333817391656,
    0.0002605292756925337,
    0.00020559473887260538,
    0.000195837677892996,
    0.00019006293223355897,
    0.00017520533219794743,
    0.0001713043839117745,
    0.0001684218896116363,
    0.00015584680295432918,
    0.00014979863226471934,
    0.00014340576126414817,
    0.0001343963394901948,
    0.00012504556798376143,
    0.00012268981299712323,
    0.00011970969353569672,
    0.00011659647316264454,
    0.0001169724237115588,
    0.00011036975865863496,
    0.00010902893518505152,
    0.00010587752785795601,
    0.00010727615972427884,
    0.00010156293956242735
  ],
  "learning_rate": [
    0.0001,
    0.0001,
    0.0001,
    0.0001,
    0.0001,
    0.0001,
    0.0001,
    0.0001,
    0.0001,
    0.0001,
    5e-05,
    5e-05,
    5e-05,
    5e-05,
    5e-05,
    5e-05,
    5e-05,
    5e-05,
    5e-05,
    5e-05,
    2.5e-05,
    2.5e-05,
    2.5e-05,
    2.5e-05,
    2.5e-05,
    2.5e-05,
    2.5e-05,
    2.5e-05,
    2.5e-05,
    2.5e-05
  ]
}