{
  "train_loss": [
    0.20099082235246896,
    0.07318617478013038
  ],
  "val_loss": [
    0.10299246236681939,
    0.0496565792709589
  ],
  "learning_rate": [
    0.0001,
    0.0001
  ]
}